{
  "Alandroal": {
    "rouge1": 0.7600126539777428,
    "rouge2": 0.6365128676817295,
    "rougeL": 0.7260095339381007,
    "bleu": 0.5098038436986634,
    "bertscore_f1": 0.9063341377869897,
    "bertscore_precision": 0.9109939116498699,
    "bertscore_recall": 0.9034906962643499
  },
  "Campomaior": {
    "rouge1": 0.4893987133925114,
    "rouge2": 0.345404384913624,
    "rougeL": 0.44057062304657924,
    "bleu": 0.21855170345591102,
    "bertscore_f1": 0.7722975835204124,
    "bertscore_precision": 0.7763907607230875,
    "bertscore_recall": 0.7757166019744344
  },
  "Covilha": {
    "rouge1": 0.030702322666259815,
    "rouge2": 0.0,
    "rougeL": 0.030884797650981923,
    "bleu": 0.0,
    "bertscore_f1": 0.4162025424838066,
    "bertscore_precision": 0.3567990052700043,
    "bertscore_recall": 0.5039694502949714
  },
  "Fundao": {
    "rouge1": 0.16896323757126172,
    "rouge2": 0.11033782178727752,
    "rougeL": 0.1429666707812548,
    "bleu": 0.054675725329382925,
    "bertscore_f1": 0.5441264881376635,
    "bertscore_precision": 0.5524555225121347,
    "bertscore_recall": 0.5446792678874836
  },
  "Guimaraes": {
    "rouge1": 0.6068277959422701,
    "rouge2": 0.4508703336395006,
    "rougeL": 0.5467954654258569,
    "bleu": 0.25647566208188055,
    "bertscore_f1": 0.8281043682779584,
    "bertscore_precision": 0.8467976444837998,
    "bertscore_recall": 0.812288337824296
  },
  "Porto": {
    "rouge1": 0.6346832938915883,
    "rouge2": 0.5227835560483349,
    "rougeL": 0.5933564053536611,
    "bleu": 0.20658102030677705,
    "bertscore_f1": 0.8446325069275972,
    "bertscore_precision": 0.852180769231832,
    "bertscore_recall": 0.8418025201726183
  }
}